[{"type":"Sábado (50%)","name":"Jessé","date":"2026-01-03"},{"date":"2026-01-10","name":"Júnior","type":"Sábado (50%)"},{"type":"Sábado (50%)","name":"Jefferson","date":"2026-01-17"},{"date":"2026-01-24","name":"Jessé","type":"Sábado (Vem Pagando Dia)"},{"type":"Sábado (50%)","name":"Júnior","date":"2026-01-31"},{"date":"2026-02-07","type":"Sábado (50%)","name":"Jefferson"},{"date":"2026-02-14","name":"Jessé","type":"Sábado (50%)"},{"date":"2026-02-21","type":"Sábado (50%)","name":"Júnior"},{"name":"Jefferson","type":"Sábado (50%)","date":"2026-02-28"},{"type":"Sábado (50%)","date":"2026-03-07","name":"Jessé"},{"type":"Sábado (50%)","name":"Júnior","date":"2026-03-14"},{"date":"2026-03-21","type":"Sábado (50%)","name":"Jefferson"},{"type":"Sábado (50%)","date":"2026-03-28","name":"Jessé"},{"date":"2026-04-04","name":"Júnior","type":"Sábado (50%)"},{"name":"Jefferson","type":"Sábado (50%)","date":"2026-04-11"},{"name":"Jessé","type":"Sábado (50%)","date":"2026-04-18"},{"type":"Sábado (50%)","name":"Júnior","date":"2026-04-25"},{"name":"Jefferson","date":"2026-05-02","type":"Sábado (50%)"},{"type":"Sábado (50%)","name":"Jessé","date":"2026-05-09"},{"type":"Sábado (50%)","name":"Júnior","date":"2026-05-16"},{"type":"Sábado (50%)","name":"Jefferson","date":"2026-05-23"},{"date":"2026-05-30","name":"Jessé","type":"Sábado (50%)"},{"type":"Sábado (50%)","date":"2026-06-06","name":"Júnior"},{"type":"Sábado (50%)","date":"2026-06-13","name":"Jefferson"},{"name":"Jessé","date":"2026-06-20","type":"Sábado (50%)"},{"date":"2026-06-27","name":"Júnior","type":"Sábado (50%)"},{"date":"2026-07-04","type":"Sábado (50%)","name":"Jefferson"},{"type":"Sábado (50%)","name":"Jessé","date":"2026-07-11"},{"name":"Júnior","date":"2026-07-18","type":"Sábado (50%)"},{"date":"2026-07-25","type":"Sábado (50%)","name":"Jefferson"},{"type":"Sábado (50%)","date":"2026-08-01","name":"Jessé"},{"name":"Júnior","date":"2026-08-08","type":"Sábado (50%)"},{"type":"Sábado (50%)","name":"Jefferson","date":"2026-08-15"},{"type":"Sábado (50%)","date":"2026-08-22","name":"Jessé"},{"date":"2026-08-29","name":"Júnior","type":"Sábado (50%)"},{"name":"Jefferson","date":"2026-09-05","type":"Sábado (50%)"},{"type":"Sábado (50%)","date":"2026-09-12","name":"Jessé"},{"name":"Júnior","type":"Sábado (50%)","date":"2026-09-19"},{"date":"2026-09-26","name":"Jefferson","type":"Sábado (50%)"},{"date":"2026-10-03","name":"Jessé","type":"Sábado (50%)"},{"name":"Júnior","type":"Sábado (50%)","date":"2026-10-10"},{"date":"2026-10-17","name":"Jefferson","type":"Sábado (50%)"},{"date":"2026-10-24","name":"Jessé","type":"Sábado (50%)"},{"date":"2026-10-31","name":"Júnior","type":"Sábado (50%)"},{"name":"Jefferson","date":"2026-11-07","type":"Sábado (50%)"},{"type":"Sábado (50%)","name":"Jessé","date":"2026-11-14"},{"type":"Sábado (50%)","name":"Júnior","date":"2026-11-21"},{"type":"Sábado (50%)","date":"2026-11-28","name":"Jefferson"},{"type":"Sábado (50%)","name":"Jessé","date":"2026-12-05"},{"type":"Sábado (50%)","date":"2026-12-12","name":"Júnior"},{"name":"Jefferson","type":"Sábado (50%)","date":"2026-12-19"},{"date":"2026-12-26","type":"Sábado (50%)","name":"Jessé"}]